lower_bound,upper_bound
0.5464020602544754,4.986894303749276
